<?xml version="1.0" encoding="UTF-8"?>
<prgs:model xmlns:prgs="http://www.progress.com/caf/camel/component/prgrs" id="resourceModel">
  <prgs:resource consumes="application/json" name="_customers_id" path="/customers/{id}" produces="application/json">
    <prgs:operation consumes="application/json" idls="rest/.services/src/AppServer/update_customer.pidl::com.progress.openedge.pdt.bpmbindings" name="update_customer" produces="application/json" verb="PUT">
      <prgs:param name="id" type="PATH"/>
    </prgs:operation>
    <prgs:operation consumes="application/json" idls="rest/.services/src/AppServer/readCustomer.pidl::com.progress.openedge.pdt.bpmbindings" name="readCustomer" produces="application/json" verb="GET">
      <prgs:param name="id" type="PATH"/>
    </prgs:operation>
    <prgs:operation consumes="application/json" idls="rest/.services/src/AppServer/post_customer_id.pidl::com.progress.openedge.pdt.bpmbindings" name="post_customer_id" produces="application/json" verb="POST">
      <prgs:param name="id" type="PATH"/>
    </prgs:operation>
    <prgs:operation consumes="application/json" idls="rest/.services/src/AppServer/delete_customer_id.pidl::com.progress.openedge.pdt.bpmbindings" name="delete_customer_id" produces="application/json" verb="DELETE">
      <prgs:param name="id" type="PATH"/>
    </prgs:operation>
  </prgs:resource>
  <prgs:resource consumes="application/json" name="_employees" path="/employees" produces="application/json">
    <prgs:operation consumes="application/json" idls="rest/.services/src/AppServer/readEmployees.pidl::com.progress.openedge.pdt.bpmbindings" name="readEmployees" produces="application/json" verb="GET">
      <prgs:param name="expandParam" type="QUERY"/>
    </prgs:operation>
    <prgs:operation consumes="application/json" idls="rest/.services/src/AppServer/post_employees.pidl::com.progress.openedge.pdt.bpmbindings" name="post_employees" produces="application/json" verb="POST"/>
  </prgs:resource>
  <prgs:resource consumes="application/json" name="_employees_id" path="/employees/{id}" produces="application/json">
    <prgs:operation consumes="application/json" idls="rest/.services/src/AppServer/delete_employee_id.pidl::com.progress.openedge.pdt.bpmbindings" name="delete_employee_id" produces="application/json" verb="DELETE">
      <prgs:param name="id" type="PATH"/>
    </prgs:operation>
    <prgs:operation consumes="application/json" idls="rest/.services/src/AppServer/readEmployee.pidl::com.progress.openedge.pdt.bpmbindings" name="readEmployee" produces="application/json" verb="GET">
      <prgs:param name="id" type="PATH"/>
      <prgs:param name="expandParam" type="QUERY"/>
    </prgs:operation>
  </prgs:resource>
  <prgs:resource consumes="application/json" name="_departament_id_employees" path="/departament/{id}/employees" produces="application/json">
    <prgs:operation consumes="application/json" idls="rest/.services/src/AppServer/read_Dep_Id_Employees.pidl::com.progress.openedge.pdt.bpmbindings" name="read_Dep_Id_Employees" produces="application/json" verb="GET">
      <prgs:param name="id" type="PATH"/>
    </prgs:operation>
  </prgs:resource>
  <prgs:resource consumes="application/json" name="_departament_d_id_employees_e_id" path="/departament/{d_id}/employees/{e_id}" produces="application/json">
    <prgs:operation consumes="application/json" idls="rest/.services/src/AppServer/read_Dep_Id_Employee.pidl::com.progress.openedge.pdt.bpmbindings" name="read_Dep_Id_Employee" produces="application/json" verb="GET">
      <prgs:param name="d_id" type="PATH"/>
      <prgs:param name="e_id" type="PATH"/>
    </prgs:operation>
  </prgs:resource>
  <prgs:resource consumes="application/json" name="_employeesCity" path="/employeesCity" produces="application/json">
    <prgs:operation consumes="application/json" idls="rest/.services/src/AppServer/read_employees_city.pidl::com.progress.openedge.pdt.bpmbindings" name="read_employees_city" produces="application/json" verb="GET">
      <prgs:param name="city" type="QUERY"/>
    </prgs:operation>
  </prgs:resource>
  <prgs:resource consumes="application/json" name="_employeesDate" path="/employeesDate" produces="application/json">
    <prgs:operation consumes="application/json" idls="rest/.services/src/AppServer/read_employee_admission_date.pidl::com.progress.openedge.pdt.bpmbindings" name="read_employee_admission_date" produces="application/json" verb="GET">
      <prgs:param name="startDate" type="QUERY"/>
    </prgs:operation>
  </prgs:resource>
  <prgs:resource consumes="application/json" name="_employeesCP" path="/employeesCP" produces="application/json">
    <prgs:operation consumes="application/json" idls="rest/.services/src/AppServer/read_employees_city_position.pidl::com.progress.openedge.pdt.bpmbindings" name="read_employees_city_position" produces="application/json" verb="GET">
      <prgs:param name="city" type="QUERY"/>
      <prgs:param name="position" type="QUERY"/>
    </prgs:operation>
  </prgs:resource>
  <prgs:resource consumes="application/json" name="_departaments" path="/departaments" produces="application/json">
    <prgs:operation consumes="application/json" idls="rest/.services/src/AppServer/relation_employee_dep.pidl::com.progress.openedge.pdt.bpmbindings" name="relation_employee_dep" produces="application/json" verb="GET">
      <prgs:param name="isExpanded" type="QUERY"/>
    </prgs:operation>
    <prgs:operation consumes="application/json" idls="rest/.services/src/AppServer/post_departaments.pidl::com.progress.openedge.pdt.bpmbindings" name="post_departaments" produces="application/json" verb="POST"/>
  </prgs:resource>
  <prgs:resource consumes="application/json" name="_customers" path="/customers" produces="application/json">
    <prgs:operation consumes="application/json" idls="rest/.services/src/AppServer/post_customer.pidl::com.progress.openedge.pdt.bpmbindings" name="post_customer" produces="application/json" verb="POST"/>
    <prgs:operation consumes="application/json" idls="rest/.services/src/AppServer/update_customers.pidl::com.progress.openedge.pdt.bpmbindings" name="update_customers" produces="application/json" verb="PUT"/>
    <prgs:operation consumes="application/json" idls="rest/.services/src/AppServer/read_customers2.pidl::com.progress.openedge.pdt.bpmbindings" name="read_customers2" produces="application/json" verb="GET"/>
  </prgs:resource>
  <prgs:resource consumes="application/json" name="_departaments_id" path="/departaments/{id}" produces="application/json">
    <prgs:operation consumes="application/json" idls="rest/.services/src/AppServer/post_dep_id.pidl::com.progress.openedge.pdt.bpmbindings" name="post_dep_id" produces="application/json" verb="POST">
      <prgs:param name="id" type="PATH"/>
    </prgs:operation>
    <prgs:operation consumes="application/json" idls="rest/.services/src/AppServer/delete_dep_id.pidl::com.progress.openedge.pdt.bpmbindings" name="delete_dep_id" produces="application/json" verb="DELETE">
      <prgs:param name="id" type="PATH"/>
    </prgs:operation>
  </prgs:resource>
  <prgs:resource consumes="application/json" name="_audit" path="/audit" produces="application/json">
    <prgs:operation consumes="application/json" idls="rest/.services/src/AppServer/readAudit.pidl::com.progress.openedge.pdt.bpmbindings" name="readAudit" produces="application/json" verb="GET">
      <prgs:param name="operation" type="QUERY"/>
      <prgs:param name="tableName" type="QUERY"/>
      <prgs:param name="TableKey" type="QUERY"/>
      <prgs:param name="changeDate" type="QUERY"/>
    </prgs:operation>
  </prgs:resource>
  <prgs:resource consumes="application/json" name="_audit_employees" path="/audit/employees" produces="application/json">
    <prgs:operation consumes="application/json" idls="rest/.services/src/AppServer/readAuditEmployees.pidl::com.progress.openedge.pdt.bpmbindings" name="readAuditEmployees" produces="application/json" verb="GET"/>
  </prgs:resource>
  <prgs:resource consumes="application/json" name="_audit_employee_empId" path="/audit/employee/{empId}" produces="application/json">
    <prgs:operation consumes="application/json" idls="rest/.services/src/AppServer/readAuditEmployeeId.pidl::com.progress.openedge.pdt.bpmbindings" name="readAuditEmployeeId" produces="application/json" verb="GET">
      <prgs:param name="empId" type="PATH"/>
    </prgs:operation>
  </prgs:resource>
  <prgs:resource consumes="application/json" name="_audit_departments_deptId" path="/audit/departments/{deptId}" produces="application/json">
    <prgs:operation consumes="application/json" idls="rest/.services/src/AppServer/readAuditDepartmentId.pidl::com.progress.openedge.pdt.bpmbindings" name="readAuditDepartmentId" produces="application/json" verb="GET">
      <prgs:param name="deptId" type="PATH"/>
    </prgs:operation>
  </prgs:resource>
  <prgs:resource consumes="application/json" name="_audit_departments" path="/audit/departments" produces="application/json">
    <prgs:operation consumes="application/json" idls="rest/.services/src/AppServer/readAuditDepartments.pidl::com.progress.openedge.pdt.bpmbindings" name="readAuditDepartments" produces="application/json" verb="GET"/>
  </prgs:resource>
  <prgs:resource consumes="application/json" name="_audit_customers_custId" path="/audit/customers/{custId}" produces="application/json">
    <prgs:operation consumes="application/json" idls="rest/.services/src/AppServer/readAuditCustomerId.pidl::com.progress.openedge.pdt.bpmbindings" name="readAuditCustomerId" produces="application/json" verb="GET">
      <prgs:param name="custId" type="PATH"/>
    </prgs:operation>
  </prgs:resource>
  <prgs:resource consumes="application/json" name="_audit_customers" path="/audit/customers" produces="application/json">
    <prgs:operation consumes="application/json" idls="rest/.services/src/AppServer/readAuditCustomers.pidl::com.progress.openedge.pdt.bpmbindings" name="readAuditCustomers" produces="application/json" verb="GET"/>
  </prgs:resource>
</prgs:model>
